Program,Semester,Subject Name
B.Tech(CSE),Semester 1,Introduction to Programming
B.Tech(CSE),Semester 1,Engineering Mathematics-I
B.Tech(CSE),Semester 1,Engineering Physics
B.Tech(CSE),Semester 1,Basic Electrical Engineering
B.Tech(CSE),Semester 1,English Communication
B.Tech(CSE),Semester 2,Data Structures
B.Tech(CSE),Semester 2,Engineering Mathematics-II
B.Tech(CSE),Semester 2,Engineering Chemistry
B.Tech(CSE),Semester 2,Engineering Mechanics
B.Tech(CSE),Semester 2,Professional Ethics
B.Tech(CSE),Semester 3,Object-Oriented Programming
B.Tech(CSE),Semester 3,Digital Electronics
B.Tech(CSE),Semester 3,Discrete Mathematics
B.Tech(CSE),Semester 3,Computer Organization
B.Tech(CSE),Semester 3,Environmental Science
B.Tech(CSE),Semester 4,Database Management Systems
B.Tech(CSE),Semester 4,Operating Systems
B.Tech(CSE),Semester 4,Theory of Computation
B.Tech(CSE),Semester 4,Software Engineering
B.Tech(CSE),Semester 4,Design and Analysis of Algorithms
B.Tech(CSE),Semester 5,Computer Networks
B.Tech(CSE),Semester 5,Compiler Design
B.Tech(CSE),Semester 5,Artificial Intelligence
B.Tech(CSE),Semester 5,Web Technologies
B.Tech(CSE),Semester 5,Minor Project
B.Tech(CSE),Semester 6,Machine Learning
B.Tech(CSE),Semester 6,Cloud Computing
B.Tech(CSE),Semester 6,IoT and Embedded Systems
B.Tech(CSE),Semester 6,Mobile App Development
B.Tech(CSE),Semester 6,Major Project Phase-I
B.Tech(CSE),Semester 7,Big Data Analytics
B.Tech(CSE),Semester 7,Cyber Security
B.Tech(CSE),Semester 7,Blockchain Technology
B.Tech(CSE),Semester 7,Research Methodology
B.Tech(CSE),Semester 7,Major Project Phase-II
B.Tech(CSE),Semester 8,Internship
B.Tech(CSE),Semester 8,Seminar and Technical Report Writing
B.Tech(CSE),Semester 8,Grand Viva
BCA,Semester 1,Computer Fundamentals
BCA,Semester 1,Programming Principles
BCA,Semester 1,Mathematics I
BCA,Semester 1,Business Communication
BCA,Semester 2,Data Structures
BCA,Semester 2,Database Systems
BCA,Semester 2,Mathematics II
BCA,Semester 2,Operating Systems
BCA,Semester 3,Object-Oriented Programming
BCA,Semester 3,Web Development
BCA,Semester 3,Computer Networks
BCA,Semester 3,Software Engineering
BCA,Semester 4,Python Programming
BCA,Semester 4,Mobile App Development
BCA,Semester 4,Data Analytics
BCA,Semester 4,E-Commerce
BCA,Semester 5,Cloud Computing
BCA,Semester 5,AI and ML
BCA,Semester 5,Internship
BCA,Semester 5,Minor Project
BCA,Semester 6,Project Development
BCA,Semester 6,Seminar and Viva
MCA,Semester 1,Problem Solving and Programming
MCA,Semester 1,Discrete Mathematics
MCA,Semester 1,Computer Organization
MCA,Semester 1,DBMS
MCA,Semester 2,Data Structures
MCA,Semester 2,Operating Systems
MCA,Semester 2,Web Technologies
MCA,Semester 2,Computer Networks
MCA,Semester 3,Software Engineering
MCA,Semester 3,Data Science
MCA,Semester 3,Machine Learning
MCA,Semester 3,Cloud Computing
MCA,Semester 4,Internship
MCA,Semester 4,Major Project
MCA,Semester 4,Research and Technical Writing
